{
  "train": {
    "D": [
      3943.493586282169,
      3862.9333402745865,
      3867.3923813763786,
      3867.7572064568017,
      3846.893068560432,
      3827.3072624655333,
      3817.222516228171,
      3780.8173670151655,
      3842.1875107709097,
      3766.5911972943472,
      3764.5086224724264,
      3834.7172348920035,
      3833.9768375172334,
      3784.003983082491,
      3828.41103515625,
      3797.2554249482996,
      3807.910813993566,
      3758.0662884880517,
      3793.511277142693,
      3791.944429285386,
      3775.126330566406,
      3782.499289119945,
      3779.6521814682906,
      3716.4661269244025,
      3691.156165268842,
      3744.0340992647057,
      3716.3209774241727,
      3719.662833180147,
      3701.6108132755057,
      3715.856349092371,
      3765.211091883042,
      3767.744391228171,
      3754.771487965303,
      3746.546773035386,
      3770.3888700597427,
      3725.4669239717373,
      3746.794945571002,
      3688.229229377298,
      3733.7676520852483,
      3718.730724379596,
      3721.7396125344667,
      3728.072700769761,
      3690.2686616785386,
      3682.20645608341,
      3701.017788516774,
      3757.0996151194854,
      3719.1439036649817,
      3716.780014217601,
      3680.98791216682,
      3674.0838673311123,
      3706.759182559743,
      3673.7452090992647,
      3684.634173224954,
      3671.9164902630973,
      3653.2626924402575,
      3684.1789751838237,
      3693.904541015625
    ],
    "G": [
      16.67871618270874,
      12.647765743031222,
      11.861638756359325,
      11.307779014811796,
      11.1138205612407,
      10.85742302501903,
      10.686652096580056,
      10.501040214650772,
      10.368730247721953,
      10.242006693166845,
      10.826377776089837,
      10.727509313471177,
      10.571145952449125,
      10.591468210781322,
      10.516379594802856,
      10.353038403567146,
      10.312393619032466,
      10.302117159787347,
      10.165925851990195,
      10.098201014013851,
      9.963088288026697,
      9.864645419401281,
      9.822124952428481,
      9.707042828728172,
      9.599259793057161,
      9.463563356680028,
      9.377850775157704,
      9.284825726116404,
      9.212382159513586,
      9.146095146852382,
      9.918149925680721,
      9.903634766971363,
      9.876197600364685,
      9.836563431515414,
      9.757360541119295,
      9.717139928481158,
      9.680599005082074,
      9.616996850686915,
      9.607913229044746,
      9.51805831825032,
      9.459094315416673,
      9.43693742050844,
      9.357614545261159,
      9.31883600319133,
      9.217695090349983,
      9.19632291653577,
      9.164768294727102,
      9.064748493362876,
      9.054337794640485,
      9.005016049216776,
      8.925331766465131,
      8.863809000744538,
      8.838385336539325,
      8.79786226048189,
      8.758680088379803,
      8.720943931972279,
      8.652858676629908
    ],
    "G_GAN": [
      0.6946410520988352,
      0.694323514138951,
      0.6942522736156688,
      0.6945919136790668,
      0.6939664563711951,
      0.6943072708214031,
      0.6944263428449631,
      0.6943596634794684,
      0.6943938497234793,
      0.6942849106648389,
      0.6942288624889711,
      0.694237055498011,
      0.6942838768748676,
      0.6943555235862732,
      0.6942845889750648,
      0.6945016454247868,
      0.6945529774707906,
      0.6943511414177278,
      0.6941330127856311,
      0.6943255599807291,
      0.6944508966277627,
      0.6943437090691398,
      0.6944006374653648,
      0.694423568073441,
      0.6945499388610615,
      0.6944677845520132,
      0.6942236051839941,
      0.6943620010333903,
      0.6945176282349754,
      0.6945956565001432,
      0.6944516995373894,
      0.6945188901003669,
      0.6943202562191907,
      0.6943919614833944,
      0.6943409101051443,
      0.6944923900506076,
      0.6944787234067917,
      0.6945516009541118,
      0.694374412648818,
      0.6944549027611228,
      0.6945252499159644,
      0.694544121798347,
      0.694560616331942,
      0.6943492077729281,
      0.6944820966790705,
      0.6946248624254675,
      0.6945774111677618,
      0.6944135814905167,
      0.6944251125349717,
      0.6947229618535322,
      0.6944296912235373,
      0.6945338026565664,
      0.6945378212367788,
      0.6943892896175384,
      0.6947367471807143,
      0.6944022290846881,
      0.6944384196225335
    ],
    "G_L1": [
      0.1102796532871092,
      0.08477062030750163,
      0.0806399557958631,
      0.07755883627516381,
      0.0768710383816677,
      0.07522489832823767,
      0.07425063778372372,
      0.07287467125364963,
      0.07184195162399727,
      0.07082651063580724,
      0.07421802286716069,
      0.07429841210079544,
      0.07334450426347115,
      0.07382244781097945,
      0.0733933958608438,
      0.07221955631804818,
      0.07199736808371894,
      0.07206313673625975,
      0.07103760069345727,
      0.07052299214855713,
      0.06936050752068267,
      0.06866515707224607,
      0.06836558630799545,
      0.0673782206743079,
      0.06647130206008167,
      0.06539784832035794,
      0.06464943410280873,
      0.0639086868833093,
      0.06322560511967715,
      0.06262080441502964,
      0.06829436992240302,
      0.06860132516526124,
      0.06850441419245566,
      0.0682038862586898,
      0.0675894668983186,
      0.06728245906312676,
      0.06708189439685906,
      0.06652365801308086,
      0.06655972935259342,
      0.06582996429985061,
      0.06533265727407792,
      0.06517607121564009,
      0.06446567433064475,
      0.06427480798652943,
      0.06347322472754646,
      0.06333062862429549,
      0.06312000087517149,
      0.0622443455764476,
      0.06228475153227063,
      0.06189566700554946,
      0.06123663980294677,
      0.06073335169211907,
      0.060610265646348985,
      0.06040566925178556,
      0.06004328701426001,
      0.05978134231751456,
      0.05926152319811723
    ],
    "G_Perceptual": [
      0.4956109798129867,
      0.347638018692241,
      0.3103390938657172,
      0.28573034918483564,
      0.27327502742409704,
      0.26406259602483584,
      0.2567162034704405,
      0.25192134722190745,
      0.2490141246248694,
      0.24650707740117522,
      0.2710346645730383,
      0.26034310547744527,
      0.2542411718736677,
      0.2514867944314199,
      0.2482755417771199,
      0.24365811589009623,
      0.2418103851377964,
      0.24014523923397063,
      0.23680327837081516,
      0.23515762572779375,
      0.23325866850859978,
      0.23037860161241364,
      0.22911657195757418,
      0.2274797227452783,
      0.2257579691708088,
      0.22293107557822675,
      0.22186837950173546,
      0.21995950643630588,
      0.2195304047097178,
      0.21894191003897612,
      0.23942612348233952,
      0.2348983330761685,
      0.23314359578139643,
      0.23217828589327194,
      0.23040729274644572,
      0.22944016202407724,
      0.22779308693373904,
      0.22700794597758966,
      0.2257565905504367,
      0.22406070135972078,
      0.22313033346744143,
      0.22247862206662403,
      0.22164865245713908,
      0.21970059972475556,
      0.2175890527665615,
      0.21686352149528615,
      0.21581908328568233,
      0.21459003853447298,
      0.21314375435604768,
      0.2120726433746955,
      0.2107238108620924,
      0.20959400547777904,
      0.20828209681545987,
      0.20629060860065854,
      0.20596146649297545,
      0.20484075178118313,
      0.20322679478455993
    ]
  },